sampleID,total_reads,reads_gt_1kb,reads_gt_2kb,reads_gt_3kb,perc_reads_gt_1kb,perc_reads_gt_2kb,perc_reads_gt_3kb,average_length,median_length,min_length,max_length,q25_length,q75_length
SQ_R1,3925,3389,2189,972,86.34394904458598,55.77070063694267,24.76433121019108,2287.4473885350317,2168.0,83,10774,1465.0,2988.0
SQ_R2,3925,3389,2189,972,86.34394904458598,55.77070063694267,24.76433121019108,2287.4473885350317,2168.0,83,10774,1465.0,2988.0
SQ_R3,3925,3389,2189,972,86.34394904458598,55.77070063694267,24.76433121019108,2287.4473885350317,2168.0,83,10774,1465.0,2988.0
