sampleID,total_reads,reads_gt_1kb,reads_gt_2kb,reads_gt_3kb,perc_reads_gt_1kb,perc_reads_gt_2kb,perc_reads_gt_3kb,average_length,median_length,min_length,max_length,q25_length,q75_length
SQ_R1,1269,1269,670,236,100.0,52.79747832939322,18.5973207249803,2555.0795902285263,2018.0,1465,10774,1814.0,2277.0
SQ_R2,1180,743,145,145,62.96610169491525,12.288135593220339,12.288135593220339,1409.422033898305,1164.5,156,4167,800.0,1469.5
SQ_R3,1476,1377,1374,591,93.29268292682927,93.08943089430895,40.040650406504064,2759.2933604336044,2849.0,83,3838,2542.5,3229.5
